{"PSO": {"x": [35.0, 4.1, 9.0, 1.0, 1.0, 1.0], "fx": 53, "xaxis": [0, 1, 2, 3, 4, 5, 6, 7, 8, 9, 10, 11, 12, 13, 14, 15, 16, 17, 18, 19, 20, 21, 22, 23, 24, 25, 26, 27, 28, 29], "yaxis": [0.0020008087158203125, 0.0010151863098144531, 0.0009851455688476562, 0.0009987354278564453, 0.0019998550415039062, 0.0009999275207519531, 0.0009996891021728516, 0.0010144710540771484, 0.0009872913360595703, 0.0019991397857666016, 0.0010008811950683594, 0.00099945068359375, 0.00099945068359375, 0.0009992122650146484, 0.002001523971557617, 0.0009992122650146484, 0.0010001659393310547, 0.0010008811950683594, 0.0009989738464355469, 0.0009999275207519531, 0.0009999275207519531, 0.004000186920166016, 0.002001047134399414, 0.0010001659393310547, 0.0009996891021728516, 0.0009999275207519531, 0.0010004043579101562, 0.0009996891021728516, 0.0019996166229248047, 0.0010001659393310547], "time": 0.6110048294067383, "accuracy": 82.0}, "GA": {"x": [35, 6, 7, 1, 1, 1], "fx": 53, "xaxis": [0, 1, 2, 3, 4, 5, 6, 7, 8, 9, 10, 11, 12, 13, 14, 15, 16, 17, 18, 19, 20, 21, 22, 23, 24, 25, 26, 27, 28, 29], "yaxis": [0.0042574405670166016, 0.002048492431640625, 0.0006902217864990234, 0.0019996166229248047, 0.0019588470458984375, 0.0010628700256347656, 0.0020117759704589844, 0.0020012855529785156, 0.0016484260559082031, 0.0010294914245605469, 0.0009610652923583984, 0.002058267593383789, 0.0019948482513427734, 0.0020024776458740234, 0.0020029544830322266, 0.002001523971557617, 0.0024204254150390625, 0.0019245147705078125, 0.0015933513641357422, 0.0020020008087158203, 0.0019998550415039062, 0.002000093460083008, 0.0019998550415039062, 0.002367734909057617, 0.0016324520111083984, 0.0030002593994140625, 0.0019998550415039062, 0.002000093460083008, 0.0019998550415039062, 0.0019998550415039062], "time": 0.7264297008514404, "accuracy": 82.0}, "Equality": true, "maximumIterations": 30}